MedInc,HouseAge,AveRooms,AveBedrms,Population,AveOccup,Latitude,Longitude,MedHouseVal
8.33,41.0,6.98,1.02,322.0,2.56,37.88,-122.23,4.526
7.26,21.0,6.24,0.97,2401.0,2.11,37.86,-122.22,3.585
3.85,52.0,4.18,1.07,1094.0,2.80,37.85,-122.24,3.521
2.18,52.0,4.00,1.10,1157.0,2.55,37.85,-122.25,1.417
4.21,36.0,5.12,1.05,1551.0,2.82,34.05,-118.24,2.267
6.04,17.0,6.55,1.01,2890.0,2.74,34.07,-118.35,3.912
3.12,34.0,4.76,1.08,2011.0,3.41,34.02,-118.28,1.875
1.62,43.0,3.91,1.14,1675.0,3.88,33.99,-118.26,1.125
5.48,15.0,6.31,1.03,3120.0,2.95,32.72,-117.16,3.248
2.74,28.0,4.55,1.09,1844.0,3.22,32.75,-117.08,1.694
3.41,19.0,5.40,1.06,2466.0,2.88,36.74,-119.79,0.982
2.05,33.0,4.22,1.12,1733.0,3.55,36.78,-119.82,0.675
4.88,11.0,6.08,1.04,4201.0,2.67,38.58,-121.49,2.134
3.67,26.0,5.21,1.07,1988.0,2.91,38.55,-121.47,1.548
2.91,22.0,4.87,1.11,2654.0,3.10,35.37,-119.02,0.844
1.98,38.0,4.33,1.16,1420.0,3.64,40.59,-122.39,0.712
